id,first_name,last_name,email,gender,ip_address
1,Hedwig,Feathersby,hfeathersby0@google.cn,Female,151.145.34.217
2,Kevon,Woolatt,kwoolatt1@github.io,Male,144.124.68.13
3,Matthus,Rama,mrama2@smh.com.au,Bigender,154.247.24.39
4,Rivy,Renols,rrenols3@abc.net.au,Female,139.208.33.88
5,Etheline,Shyres,eshyres4@networkadvertising.org,Female,173.136.141.90
6,Gian,Reinger,greinger5@nydailynews.com,Male,129.220.17.244
7,Adriena,Hugli,ahugli6@theguardian.com,Genderqueer,186.128.139.13
8,Kizzie,Backshall,kbackshall7@histats.com,Female,180.84.133.49
9,Elianore,Tender,etender8@wp.com,Female,96.42.113.96
10,Koral,Brower,kbrower9@jimdo.com,Non-binary,31.140.118.249
11,Jilly,Stendall,jstendalla@geocities.com,Female,95.166.239.208
12,Dmitri,Brislane,dbrislaneb@geocities.jp,Male,133.215.197.188
13,Ian,Dellatorre,idellatorrec@disqus.com,Polygender,219.43.75.174
14,Schuyler,Samsonsen,ssamsonsend@tinypic.com,Genderqueer,240.165.95.41
15,Ignazio,Americi,iamericie@cbc.ca,Genderqueer,18.101.207.128
16,Sunny,Frude,sfrudef@51.la,Genderqueer,237.175.141.219
17,Jake,Lilleyman,jlilleymang@csmonitor.com,Male,74.53.43.85
18,Ransom,Loades,rloadesh@macromedia.com,Male,54.163.198.195
19,Murvyn,Diess,mdiessi@istockphoto.com,Male,11.163.67.225
20,Margarita,Frain,mfrainj@thetimes.co.uk,Female,220.229.77.8
21,Ring,Ansley,ransleyk@ucsd.edu,Male,39.179.4.189
22,Bessie,Elks,belksl@odnoklassniki.ru,Polygender,250.191.248.23
23,Ninon,Clair,nclairm@ustream.tv,Female,219.189.179.179
24,Alwin,Houtbie,ahoutbien@mapquest.com,Male,98.117.23.172
25,Genia,Priestley,gpriestleyo@mozilla.com,Female,236.7.185.175
26,Darleen,Boother,dbootherp@springer.com,Female,50.190.14.9
27,Bette,Oakenfield,boakenfieldq@engadget.com,Female,226.206.69.21
28,Harriet,Cosgrave,hcosgraver@constantcontact.com,Female,227.207.169.153
29,Leanna,Dreher,ldrehers@google.de,Female,79.95.38.62
30,Livvyy,Boylund,lboylundt@cisco.com,Female,1.150.56.165
31,Tobi,Edinboro,tedinborou@ed.gov,Female,58.85.251.155
32,Vania,Beat,vbeatv@reference.com,Female,192.2.52.31
33,Sidonnie,Josuweit,sjosuweitw@networkadvertising.org,Female,18.146.239.97
34,Forbes,Rivilis,frivilisx@instagram.com,Male,195.118.40.113
35,Barnebas,Brugmann,bbrugmanny@japanpost.jp,Polygender,88.38.200.119
36,Myles,Brussels,mbrusselsz@sina.com.cn,Male,5.101.156.255
37,Thatcher,Sheppey,tsheppey10@sohu.com,Non-binary,165.115.222.144
38,Honey,Muccino,hmuccino11@hugedomains.com,Female,12.109.198.32
39,Eda,Cristofori,ecristofori12@intel.com,Female,73.76.45.177
40,Alyss,Mardy,amardy13@comcast.net,Female,104.53.254.158
41,Trenna,Robinet,trobinet14@opera.com,Genderfluid,3.64.67.125
42,Darci,Leworthy,dleworthy15@dedecms.com,Female,98.174.33.141
43,Catarina,Blenkensop,cblenkensop16@ebay.co.uk,Female,169.71.147.62
44,Shadow,Guiness,sguiness17@youtube.com,Male,226.6.27.99
45,Igor,Corkell,icorkell18@mozilla.org,Male,18.111.244.34
46,Sandye,Hulle,shulle19@fema.gov,Female,190.56.25.253
47,Lanna,Emanuelli,lemanuelli1a@mediafire.com,Female,168.206.206.77
48,Tamarra,Hillitt,thillitt1b@admin.ch,Agender,192.55.188.55
49,Ricky,Bryenton,rbryenton1c@sbwire.com,Male,56.27.215.205
50,Geralda,Penney,gpenney1d@example.com,Female,186.30.246.57
51,Karl,Standbridge,kstandbridge1e@joomla.org,Male,193.2.116.193
52,Dacie,Grishukhin,dgrishukhin1f@typepad.com,Female,19.153.216.33
53,Cornie,Foort,cfoort1g@last.fm,Male,102.115.57.232
54,Elysia,De Bruijn,edebruijn1h@elegantthemes.com,Female,146.103.74.133
55,Birch,Mollitt,bmollitt1i@delicious.com,Male,15.5.9.182
56,Stanwood,Storch,sstorch1j@google.com.au,Male,18.44.31.215
57,Emilee,Jacquot,ejacquot1k@hubpages.com,Female,41.51.164.71
58,Vincent,Infante,vinfante1l@indiegogo.com,Male,140.23.28.142
59,Bernhard,Strahan,bstrahan1m@yelp.com,Male,25.227.231.197
60,Rhiamon,Reside,rreside1n@msu.edu,Female,213.181.209.247
61,Nichol,Harkness,nharkness1o@opensource.org,Female,224.185.88.247
62,Reinald,Churm,rchurm1p@epa.gov,Male,92.195.146.141
63,Reid,McGarrell,rmcgarrell1q@yellowpages.com,Male,226.116.39.47
64,Legra,Hiddy,lhiddy1r@freewebs.com,Female,31.21.156.130
65,Leda,Meneur,lmeneur1s@twitpic.com,Female,118.49.136.28
66,Kevin,Levecque,klevecque1t@reference.com,Male,135.189.201.161
67,Trix,Riolfi,triolfi1u@msu.edu,Female,23.110.92.107
68,Bonni,Haliday,bhaliday1v@topsy.com,Female,61.73.135.238
69,Royal,Breede,rbreede1w@hud.gov,Male,207.27.2.52
70,Kayley,Blissett,kblissett1x@unc.edu,Polygender,86.14.246.111
71,Reggie,Hassall,rhassall1y@google.cn,Male,239.169.48.172
72,Khalil,Gwinn,kgwinn1z@shareasale.com,Male,190.80.99.70
73,Arnuad,Mannion,amannion20@biblegateway.com,Male,3.147.65.212
74,Ilaire,Le Houx,ilehoux21@slashdot.org,Male,195.110.203.243
75,Tedra,Spiniello,tspiniello22@bizjournals.com,Female,175.223.166.247
76,Berti,Geck,bgeck23@typepad.com,Male,154.127.26.65
77,Carlos,Verni,cverni24@blogspot.com,Male,142.116.37.124
78,Edi,Matura,ematura25@live.com,Female,146.170.92.164
79,Kylila,Kubat,kkubat26@pagesperso-orange.fr,Non-binary,225.147.218.198
80,Brade,McEwen,bmcewen27@studiopress.com,Male,159.213.182.243
81,Tuesday,Pydcock,tpydcock28@rakuten.co.jp,Female,219.157.11.54
82,Amelina,Trythall,atrythall29@t.co,Female,11.206.151.179
83,Quill,Dreakin,qdreakin2a@shinystat.com,Male,95.22.81.231
84,Cedric,Dietsche,cdietsche2b@jalbum.net,Male,144.13.162.91
85,Baldwin,Korlat,bkorlat2c@hugedomains.com,Male,183.101.54.168
86,Barty,Gerrish,bgerrish2d@usatoday.com,Male,23.118.244.114
87,Kirbee,Swains,kswains2e@virginia.edu,Female,213.228.213.7
88,Torry,Giacomuzzi,tgiacomuzzi2f@posterous.com,Male,31.14.181.0
89,Winfred,Tapson,wtapson2g@blogs.com,Male,71.163.244.32
90,Giffie,Clissold,gclissold2h@google.es,Male,9.254.23.170
91,Geneva,Gouly,ggouly2i@tamu.edu,Female,236.135.177.164
92,Rube,Ettles,rettles2j@de.vu,Male,121.181.43.148
93,Jamill,McKeever,jmckeever2k@about.me,Male,93.111.128.176
94,Lotty,Whiting,lwhiting2l@bing.com,Female,210.113.224.30
95,Darrell,Siward,dsiward2m@ebay.co.uk,Male,241.217.68.194
96,Ethelbert,Abdey,eabdey2n@flickr.com,Male,68.247.199.74
97,Modesta,Gange,mgange2o@nsw.gov.au,Female,194.255.41.113
98,Gabe,Kingman,gkingman2p@upenn.edu,Male,110.147.196.242
99,Duffy,Simao,dsimao2q@exblog.jp,Male,102.227.45.138
100,Garwood,Quaif,gquaif2r@nhs.uk,Male,15.73.234.192
101,Willdon,Martinie,wmartinie2s@timesonline.co.uk,Male,137.234.126.123
102,Shannan,Copello,scopello2t@addthis.com,Male,218.45.165.175
103,Wilmette,Hutton,whutton2u@furl.net,Female,118.17.52.185
104,Cal,Morford,cmorford2v@bizjournals.com,Male,127.98.202.208
105,Car,Shills,cshills2w@t.co,Male,43.50.206.229
106,Ethel,Manford,emanford2x@fotki.com,Female,177.137.163.236
107,Kellen,Jellis,kjellis2y@wsj.com,Female,28.239.37.136
108,Iris,Robe,irobe2z@stanford.edu,Female,218.160.212.9
109,Karlee,Hannabus,khannabus30@cyberchimps.com,Female,211.211.81.39
110,Sebastian,Niave,sniave31@example.com,Male,231.147.20.51
111,Nappy,Blackaby,nblackaby32@list-manage.com,Male,162.62.60.225
112,Ethel,Bibb,ebibb33@unicef.org,Female,37.33.48.63
113,Silvio,Olver,solver34@ebay.co.uk,Male,18.167.31.250
114,Merline,Rubinlicht,mrubinlicht35@google.ru,Female,197.94.250.235
115,Marylinda,de Keep,mdekeep36@umn.edu,Female,226.65.191.140
116,Philomena,Dust,pdust37@army.mil,Female,172.26.249.183
117,Ernestine,Gaylard,egaylard38@scientificamerican.com,Female,26.243.50.16
118,Jilli,Robun,jrobun39@cisco.com,Female,148.189.84.145
119,Brent,Tompkiss,btompkiss3a@live.com,Male,69.227.172.82
120,Murvyn,Caraher,mcaraher3b@feedburner.com,Male,68.141.173.112
121,Dasie,Corss,dcorss3c@linkedin.com,Female,143.27.172.244
122,Emmi,McGee,emcgee3d@1688.com,Female,65.198.98.103
123,Gallard,Scurrer,gscurrer3e@wisc.edu,Male,248.4.76.94
124,Sol,Endley,sendley3f@irs.gov,Male,113.244.145.255
125,Windy,Dryden,wdryden3g@who.int,Genderqueer,38.60.226.207
126,Leena,Conlaund,lconlaund3h@deliciousdays.com,Female,15.68.231.39
127,Natal,Quarles,nquarles3i@blogtalkradio.com,Male,107.181.19.115
128,Nada,Cotmore,ncotmore3j@zdnet.com,Female,253.150.9.162
129,Paule,Hinrich,phinrich3k@about.com,Female,105.213.146.100
130,Larry,Hallums,lhallums3l@stanford.edu,Male,181.160.183.50
131,Fred,Valentim,fvalentim3m@tiny.cc,Female,66.75.174.88
132,Darsey,Blackston,dblackston3n@netvibes.com,Female,26.203.127.145
133,Fielding,Warbey,fwarbey3o@ox.ac.uk,Male,88.1.245.190
134,Allie,Witherup,awitherup3p@dot.gov,Male,174.70.179.158
135,Bradney,Abbiss,babbiss3q@bigcartel.com,Male,253.156.23.241
136,Jacqui,Stebbin,jstebbin3r@meetup.com,Female,51.250.223.50
137,Niles,Harvett,nharvett3s@google.nl,Male,199.139.32.47
138,Judye,Pentony,jpentony3t@woothemes.com,Female,74.220.44.77
139,Allistir,Crust,acrust3u@ehow.com,Male,108.65.9.188
140,Krystyna,Longstreet,klongstreet3v@chron.com,Female,186.85.205.62
141,Kissiah,Cahn,kcahn3w@sbwire.com,Female,210.48.164.254
142,Stirling,Bydaway,sbydaway3x@drupal.org,Male,64.76.8.220
143,Aloysius,Gahan,agahan3y@eepurl.com,Male,104.111.214.69
144,Lionello,Gleadle,lgleadle3z@dmoz.org,Male,205.6.246.93
145,Wernher,Ferneyhough,wferneyhough40@cbc.ca,Male,84.23.215.223
146,Adorne,Benko,abenko41@ucoz.ru,Female,214.50.82.65
147,Enrique,Ferrers,eferrers42@thetimes.co.uk,Male,157.116.74.152
148,Ardyth,Room,aroom43@1688.com,Female,51.164.109.66
149,Cointon,Collinge,ccollinge44@dmoz.org,Male,104.131.161.1
150,Perren,Asche,pasche45@comsenz.com,Polygender,114.104.118.242
151,Glen,Bartolomeo,gbartolomeo46@dropbox.com,Female,190.114.12.112
152,Samantha,Rilton,srilton47@amazon.com,Female,16.47.19.90
153,Bennie,Tilmouth,btilmouth48@prnewswire.com,Female,155.0.142.193
154,Denis,Pretorius,dpretorius49@upenn.edu,Male,162.91.96.41
155,Maximo,Gonsalvo,mgonsalvo4a@github.io,Male,241.59.44.149
156,Erv,Mountain,emountain4b@omniture.com,Male,251.190.88.185
157,Dieter,Edscer,dedscer4c@cbsnews.com,Male,133.117.108.205
158,Carie,Marjot,cmarjot4d@virginia.edu,Female,214.190.226.62
159,Codie,Mizen,cmizen4e@msn.com,Female,219.59.51.199
160,Luca,Vittel,lvittel4f@facebook.com,Agender,239.48.61.234
161,Demeter,Meriot,dmeriot4g@discuz.net,Female,138.72.101.63
162,Mathian,Harses,mharses4h@prlog.org,Male,78.16.105.239
163,Nicolai,Kitchingman,nkitchingman4i@sbwire.com,Male,159.145.17.169
164,Gabrila,Laydon,glaydon4j@php.net,Female,239.217.215.169
165,Charlotta,Wotherspoon,cwotherspoon4k@imageshack.us,Female,69.43.73.81
166,Aili,Congrave,acongrave4l@altervista.org,Agender,53.224.233.85
167,Salomo,Tuting,stuting4m@php.net,Male,63.49.226.47
168,Leigha,Schafer,lschafer4n@nydailynews.com,Polygender,234.215.38.222
169,Nadya,Parcall,nparcall4o@mozilla.org,Female,70.20.52.233
170,Chrissy,Burchfield,cburchfield4p@telegraph.co.uk,Genderfluid,109.134.36.49
171,Neils,Roser,nroser4q@dmoz.org,Male,53.69.206.218
172,Ainsley,Galliver,agalliver4r@npr.org,Female,25.187.87.71
173,Carolee,Oldman,coldman4s@github.com,Female,148.144.61.93
174,Carmelita,Dermot,cdermot4t@nsw.gov.au,Genderqueer,137.39.111.180
175,Ludovika,Bustard,lbustard4u@independent.co.uk,Female,93.166.12.154
176,Shaina,Campany,scampany4v@tinypic.com,Female,45.11.35.120
177,Ignacius,Swales,iswales4w@opera.com,Male,162.254.112.224
178,Emilia,Biggadyke,ebiggadyke4x@google.de,Female,144.224.169.225
179,Elena,Sivewright,esivewright4y@barnesandnoble.com,Female,55.226.141.131
180,Noland,Rieme,nrieme4z@hexun.com,Male,28.218.111.1
181,Ruthe,Juliff,rjuliff50@homestead.com,Female,24.99.49.7
182,Gilberte,Larrat,glarrat51@dailymotion.com,Female,62.71.239.99
183,Courtney,Vaillant,cvaillant52@w3.org,Female,232.42.90.13
184,Bevon,Newis,bnewis53@newyorker.com,Male,66.215.224.65
185,Jody,Osmond,josmond54@wordpress.com,Male,154.47.71.118
186,Waneta,Sivyer,wsivyer55@gizmodo.com,Female,221.177.58.178
187,Yvette,Assender,yassender56@imageshack.us,Female,234.56.31.120
188,Boone,Goodread,bgoodread57@mediafire.com,Male,232.254.162.113
189,Darill,Schulze,dschulze58@abc.net.au,Male,166.54.110.13
190,Opalina,Winny,owinny59@sbwire.com,Female,197.67.171.144
191,Lindy,Le Count,llecount5a@live.com,Genderqueer,103.180.124.123
192,Gabie,Morden,gmorden5b@google.de,Male,150.205.222.46
193,Flory,Frankom,ffrankom5c@g.co,Male,77.208.210.252
194,Dody,Biesty,dbiesty5d@spiegel.de,Female,136.62.6.35
195,Deedee,Glidden,dglidden5e@cnet.com,Female,28.17.28.42
196,Denni,Batrim,dbatrim5f@fastcompany.com,Female,254.103.207.219
197,Renado,Saffill,rsaffill5g@unicef.org,Male,4.5.14.99
198,Brandi,Barhims,bbarhims5h@biblegateway.com,Female,254.236.19.195
199,Gay,Courtier,gcourtier5i@hugedomains.com,Female,106.171.150.65
200,Lionello,Seleway,lseleway5j@pagesperso-orange.fr,Male,104.213.158.208
201,Chevy,Beamont,cbeamont5k@shinystat.com,Male,107.40.31.32
202,Rice,Munson,rmunson5l@deviantart.com,Male,171.121.103.133
203,Elita,Tacon,etacon5m@php.net,Female,134.202.133.27
204,Marthena,Guidi,mguidi5n@google.com.au,Female,173.63.228.229
205,Rusty,Flaunders,rflaunders5o@reddit.com,Male,142.211.122.133
206,Fredelia,Mc Harg,fmcharg5p@unblog.fr,Female,115.207.246.118
207,Ody,Abbison,oabbison5q@jigsy.com,Male,43.229.109.59
208,Abrahan,Frankum,afrankum5r@booking.com,Male,204.26.51.189
209,Viv,Abeau,vabeau5s@europa.eu,Female,200.147.44.109
210,Tammy,Spurling,tspurling5t@istockphoto.com,Female,91.202.221.85
211,Michail,Harkins,mharkins5u@bbb.org,Bigender,244.31.118.46
212,Tanhya,Klassmann,tklassmann5v@1688.com,Female,36.141.73.81
213,Shannon,O'Fergus,sofergus5w@omniture.com,Female,3.105.152.4
214,Salomone,Dawber,sdawber5x@harvard.edu,Male,206.132.75.69
215,Cesaro,Orteaux,corteaux5y@soup.io,Male,249.221.187.93
216,Rosamond,Wildsmith,rwildsmith5z@vinaora.com,Female,217.255.44.128
217,Cynthea,McAlester,cmcalester60@thetimes.co.uk,Female,82.107.105.195
218,Scot,Joris,sjoris61@symantec.com,Male,166.190.232.15
219,Giuditta,Quodling,gquodling62@chronoengine.com,Female,220.90.187.52
220,Chas,Gelderd,cgelderd63@webnode.com,Genderqueer,188.187.183.94
221,Felice,Melley,fmelley64@ow.ly,Male,207.195.150.253
222,Fulton,Arlidge,farlidge65@chron.com,Male,11.135.173.207
223,Juliet,McCook,jmccook66@netscape.com,Female,100.18.221.153
224,Hilary,Dallaway,hdallaway67@tripadvisor.com,Male,80.151.44.242
225,Lonny,Marchent,lmarchent68@friendfeed.com,Male,184.203.108.191
226,Joete,Strang,jstrang69@prlog.org,Female,137.36.112.190
227,Haleigh,Scallan,hscallan6a@networkadvertising.org,Male,217.166.45.208
228,Kylila,Simper,ksimper6b@barnesandnoble.com,Female,252.34.156.223
229,Carissa,Digman,cdigman6c@netscape.com,Female,250.96.130.201
230,Naoma,Kimblin,nkimblin6d@disqus.com,Female,31.64.157.49
231,Decca,Galland,dgalland6e@usgs.gov,Male,252.45.240.237
232,Tiler,Bright,tbright6f@miibeian.gov.cn,Male,230.144.105.63
233,Boycie,Probin,bprobin6g@ucla.edu,Male,112.2.26.138
234,Isabelita,Hanselmann,ihanselmann6h@clickbank.net,Female,0.33.161.11
235,Hollis,Vasenin,hvasenin6i@merriam-webster.com,Male,165.140.118.127
236,Sibeal,Coule,scoule6j@ft.com,Female,68.253.250.159
237,Ferdy,Penswick,fpenswick6k@indiatimes.com,Male,34.191.112.59
238,Dody,Kennan,dkennan6l@desdev.cn,Female,86.115.247.1
239,Hendrick,Cordsen,hcordsen6m@51.la,Male,197.14.63.53
240,Alessandro,Rothon,arothon6n@angelfire.com,Bigender,212.243.102.117
241,Penny,Gauvain,pgauvain6o@istockphoto.com,Agender,188.22.46.118
242,Helsa,Tomes,htomes6p@msn.com,Non-binary,19.105.138.135
243,Yorke,Hallbord,yhallbord6q@house.gov,Male,201.16.197.233
244,Griz,Clery,gclery6r@google.com.au,Male,14.155.225.196
245,Liza,Hibling,lhibling6s@over-blog.com,Female,138.82.175.161
246,Chrystel,Seathwright,cseathwright6t@tripod.com,Female,240.58.117.226
247,Neall,Hadenton,nhadenton6u@hao123.com,Male,44.81.25.8
248,Allan,Woodrup,awoodrup6v@foxnews.com,Male,163.42.156.204
249,Gottfried,Parkey,gparkey6w@behance.net,Male,213.78.175.215
250,Merell,Coultar,mcoultar6x@digg.com,Male,80.155.89.51
251,Keeley,Calver,kcalver6y@alibaba.com,Female,142.207.51.130
252,Marlene,Oseland,moseland6z@gov.uk,Bigender,31.143.18.166
253,Winne,Giblin,wgiblin70@biblegateway.com,Female,91.213.143.203
254,Hercule,Cheavin,hcheavin71@so-net.ne.jp,Male,32.199.214.196
255,Arri,Bantick,abantick72@oakley.com,Male,237.34.58.161
256,Arie,Speake,aspeake73@earthlink.net,Male,50.78.136.142
257,Tarrance,Catcheside,tcatcheside74@cbslocal.com,Male,51.87.38.123
258,Kenn,Hoopper,khoopper75@plala.or.jp,Male,248.94.232.59
259,Colby,Meysham,cmeysham76@marriott.com,Male,185.197.65.191
260,Nickie,Iddons,niddons77@netscape.com,Female,184.22.103.164
261,Angie,Schulken,aschulken78@webs.com,Male,223.240.41.169
262,Alvira,Persey,apersey79@mit.edu,Female,198.121.251.42
263,Basilius,Lathbury,blathbury7a@amazon.co.jp,Male,204.82.220.141
264,Paul,Surplice,psurplice7b@examiner.com,Male,176.38.125.196
265,Pearce,Mundy,pmundy7c@state.tx.us,Male,202.185.137.229
266,Marla,Folliss,mfolliss7d@sun.com,Agender,173.173.189.229
267,Bethina,Sines,bsines7e@google.nl,Female,45.78.179.166
268,Merrie,Shortin,mshortin7f@sina.com.cn,Female,118.11.16.54
269,Melantha,Norkett,mnorkett7g@is.gd,Female,50.215.137.169
270,Aldridge,Gilliland,agilliland7h@census.gov,Agender,83.10.15.3
271,Luisa,Cackett,lcackett7i@nydailynews.com,Female,237.4.148.230
272,Hermy,Mordy,hmordy7j@dion.ne.jp,Male,205.246.120.78
273,Lauralee,Castelow,lcastelow7k@washington.edu,Female,81.70.120.139
274,Kale,Pawelski,kpawelski7l@sphinn.com,Male,209.157.111.183
275,Perice,Bourdis,pbourdis7m@booking.com,Male,3.42.76.114
276,Donnie,O'Hare,dohare7n@epa.gov,Male,135.191.33.251
277,Winfred,Brokenshire,wbrokenshire7o@wordpress.com,Male,125.13.85.242
278,Lilllie,Le Jean,llejean7p@apple.com,Female,106.183.20.239
279,Leonie,Smitton,lsmitton7q@nasa.gov,Polygender,192.86.238.188
280,Jessi,Manuel,jmanuel7r@skype.com,Female,58.189.162.240
281,Jay,Lismer,jlismer7s@google.pl,Male,57.112.45.141
282,Jorry,Newitt,jnewitt7t@dmoz.org,Genderfluid,184.62.134.74
283,Cindee,Else,celse7u@adobe.com,Female,110.111.48.65
284,Carrol,McVeagh,cmcveagh7v@sbwire.com,Male,136.203.72.10
285,Leopold,Huriche,lhuriche7w@wsj.com,Male,178.138.207.3
286,Noel,Winterscale,nwinterscale7x@ning.com,Female,86.92.23.110
287,Leia,Iglesias,liglesias7y@nba.com,Female,24.242.50.211
288,Nefen,Vonasek,nvonasek7z@intel.com,Male,93.129.23.84
289,Ursala,Mayoral,umayoral80@howstuffworks.com,Female,89.6.159.238
290,Gerta,Belt,gbelt81@forbes.com,Polygender,49.151.110.249
291,Aube,Taks,ataks82@example.com,Male,229.71.59.84
292,Ahmad,Vinas,avinas83@tripadvisor.com,Male,124.71.189.65
293,Schuyler,Demogeot,sdemogeot84@apple.com,Male,49.181.192.215
294,Thomasina,Fooks,tfooks85@istockphoto.com,Female,78.10.199.120
295,Hannah,Sheryne,hsheryne86@blogs.com,Female,240.217.137.240
296,Meredithe,Pressey,mpressey87@oakley.com,Female,168.24.234.240
297,Veronike,Dargue,vdargue88@census.gov,Female,56.183.126.120
298,Dagmar,Flecknell,dflecknell89@nih.gov,Female,100.158.168.140
299,Moe,Spurrior,mspurrior8a@w3.org,Male,219.70.239.193
300,Kermit,Doldon,kdoldon8b@blinklist.com,Male,126.68.188.41
301,Dode,Karpenya,dkarpenya8c@dot.gov,Female,121.7.97.244
302,Joan,Meenan,jmeenan8d@simplemachines.org,Female,96.106.207.175
303,Casi,Low,clow8e@typepad.com,Female,102.236.2.137
304,Annabal,Lemery,alemery8f@yahoo.co.jp,Female,243.160.146.21
305,Nettie,Oneil,noneil8g@sciencedaily.com,Female,135.11.230.24
306,Taite,Armfirld,tarmfirld8h@ameblo.jp,Male,87.190.142.10
307,Daniele,Olivetti,dolivetti8i@biglobe.ne.jp,Female,168.93.111.131
308,Nelle,Dobbison,ndobbison8j@rambler.ru,Female,90.214.237.217
309,Juline,Mordan,jmordan8k@narod.ru,Female,158.205.179.175
310,Bancroft,Kubat,bkubat8l@earthlink.net,Male,146.146.190.220
311,Christabella,Bownas,cbownas8m@economist.com,Female,188.195.171.59
312,Linoel,Sherrum,lsherrum8n@unicef.org,Male,122.59.129.199
313,Harland,Budibent,hbudibent8o@purevolume.com,Male,94.86.101.161
314,Tonya,Twinbourne,ttwinbourne8p@deliciousdays.com,Female,228.158.133.98
315,Dominique,Ferres,dferres8q@behance.net,Bigender,210.182.83.193
316,Consuelo,Gammade,cgammade8r@51.la,Female,86.152.148.215
317,Esteban,Boggish,eboggish8s@posterous.com,Male,135.83.54.60
318,Brendis,Philipsson,bphilipsson8t@odnoklassniki.ru,Male,124.254.122.218
319,Clair,O'Heffernan,coheffernan8u@rakuten.co.jp,Male,149.196.177.65
320,Ingra,Tidridge,itidridge8v@state.gov,Bigender,176.225.176.201
321,Nanine,Pretley,npretley8w@microsoft.com,Female,167.224.11.164
322,Molly,Bales,mbales8x@freewebs.com,Female,184.9.23.69
323,Correna,Paolinelli,cpaolinelli8y@forbes.com,Female,93.244.4.14
324,Loy,Doles,ldoles8z@netvibes.com,Male,85.62.25.129
325,Lizette,Giraudeau,lgiraudeau90@timesonline.co.uk,Female,74.217.213.228
326,Fidelio,Cundy,fcundy91@csmonitor.com,Male,147.107.241.66
327,Stephie,Blackstock,sblackstock92@twitpic.com,Female,150.76.171.107
328,Euell,Flicker,eflicker93@wisc.edu,Male,60.44.176.193
329,David,Dametti,ddametti94@about.com,Male,218.201.75.55
330,Star,Edyson,sedyson95@phoca.cz,Female,246.118.129.125
331,Mavra,Bohler,mbohler96@1688.com,Female,218.41.214.147
332,Britt,Ference,bference97@soundcloud.com,Female,14.107.238.241
333,Fulton,Earey,fearey98@w3.org,Male,211.223.227.47
334,Cirstoforo,Apted,capted99@alibaba.com,Male,215.143.177.76
335,Ilise,Arthan,iarthan9a@topsy.com,Female,145.245.240.185
336,Blondelle,Laird-Craig,blairdcraig9b@theguardian.com,Female,63.131.113.67
337,Duff,Fehners,dfehners9c@eepurl.com,Genderfluid,36.4.254.125
338,Chelsea,Fishburn,cfishburn9d@feedburner.com,Female,249.170.208.157
339,Andrew,Van der Beken,avanderbeken9e@ovh.net,Male,39.9.65.108
340,Curran,Peedell,cpeedell9f@rediff.com,Genderfluid,214.248.82.147
341,Ardine,Barker,abarker9g@parallels.com,Female,60.162.45.20
342,Elvera,Johl,ejohl9h@usnews.com,Female,222.156.95.88
343,Grove,Arnull,garnull9i@github.com,Male,29.132.78.235
344,Dacy,Bare,dbare9j@ox.ac.uk,Female,163.71.174.173
345,Hildegaard,Manhood,hmanhood9k@friendfeed.com,Genderqueer,24.17.162.220
346,Worthington,Bannard,wbannard9l@hp.com,Male,84.207.74.14
347,Gaston,Higgonet,ghiggonet9m@github.com,Male,252.13.245.73
348,Celestyn,Prinne,cprinne9n@163.com,Agender,200.152.93.7
349,Cindi,Connors,cconnors9o@sbwire.com,Female,39.162.135.171
350,Jacquelyn,Dryburgh,jdryburgh9p@ebay.com,Female,106.161.68.8
351,Rip,Kidney,rkidney9q@google.fr,Male,95.240.10.46
352,Arlette,Peckham,apeckham9r@google.com,Female,165.102.137.126
353,Caz,Kibbe,ckibbe9s@booking.com,Male,129.105.162.146
354,Shep,Corner,scorner9t@prnewswire.com,Male,210.137.74.36
355,Malanie,Gregoratti,mgregoratti9u@oracle.com,Female,164.210.95.68
356,Aubrey,Bottleson,abottleson9v@pen.io,Male,251.206.16.64
357,Kelci,Imlaw,kimlaw9w@washingtonpost.com,Female,238.24.154.121
358,Sylas,Tanzig,stanzig9x@elpais.com,Male,27.114.6.48
359,Lethia,Lynas,llynas9y@qq.com,Female,89.203.170.208
360,Gifford,Paler,gpaler9z@unc.edu,Male,151.169.203.121
361,Marmaduke,Belliveau,mbelliveaua0@example.com,Male,65.114.199.112
362,Sean,Waudby,swaudbya1@last.fm,Male,139.253.237.184
363,Davide,Pleming,dpleminga2@weebly.com,Male,200.128.229.105
364,Tobye,Westwick,twestwicka3@wp.com,Female,210.164.136.141
365,Randene,Laviss,rlavissa4@wp.com,Agender,66.47.8.27
366,Brigitte,Docksey,bdockseya5@slate.com,Female,105.243.16.32
367,Killy,Garside,kgarsidea6@creativecommons.org,Male,67.25.178.82
368,Ive,Skylett,iskyletta7@nhs.uk,Male,52.145.240.243
369,Bridget,Brummell,bbrummella8@examiner.com,Polygender,234.81.24.37
370,Stepha,Coniff,sconiffa9@psu.edu,Female,151.162.2.204
371,Inge,Geeves,igeevesaa@1688.com,Female,0.209.77.160
372,Zechariah,Garrity,zgarrityab@google.de,Male,150.115.58.238
373,Cord,Dwelly,cdwellyac@intel.com,Male,82.166.44.94
374,Carol-jean,Fieldhouse,cfieldhousead@economist.com,Female,42.154.206.190
375,Hagen,Gronno,hgronnoae@myspace.com,Male,91.73.233.123
376,Guillermo,Wippermann,gwippermannaf@opera.com,Male,88.34.185.5
377,Ellary,Ackery,eackeryag@eventbrite.com,Male,14.172.224.109
378,Hieronymus,Mochar,hmocharah@people.com.cn,Male,235.250.48.132
379,Nikita,Buchanan,nbuchananai@etsy.com,Male,226.224.63.243
380,Caesar,Orneles,cornelesaj@microsoft.com,Male,39.20.50.119
381,Ernesto,Tollmache,etollmacheak@columbia.edu,Male,22.122.191.71
382,Colas,Halpen,chalpenal@slate.com,Male,215.127.56.24
383,Cristin,Szapiro,cszapiroam@apache.org,Female,236.117.18.150
384,Darcee,Josskoviz,djosskovizan@sbwire.com,Female,235.92.244.58
385,Bogey,Dickings,bdickingsao@businessinsider.com,Male,79.83.197.128
386,Tades,Permain,tpermainap@mysql.com,Male,11.45.160.194
387,Mikkel,Tuting,mtutingaq@tripod.com,Male,209.32.228.233
388,Marten,von Nassau,mvonnassauar@arstechnica.com,Male,18.137.98.103
389,Jaime,Renihan,jrenihanas@unicef.org,Bigender,42.236.107.75
390,Demetris,Hulles,dhullesat@blogger.com,Male,253.193.175.218
391,Shepard,Whiteford,swhitefordau@blogspot.com,Male,201.178.16.151
392,Willdon,Silson,wsilsonav@google.com.br,Male,213.31.243.225
393,Karleen,Oliver-Paull,koliverpaullaw@cbc.ca,Female,39.118.247.189
394,Rab,MacComiskey,rmaccomiskeyax@goo.gl,Male,127.235.177.69
395,Janos,Rowantree,jrowantreeay@wisc.edu,Male,25.53.229.203
396,Eberhard,Olivella,eolivellaaz@bizjournals.com,Agender,40.94.226.37
397,Brodie,Boothebie,bboothebieb0@over-blog.com,Male,4.17.37.252
398,Aguste,Brandt,abrandtb1@ucla.edu,Male,205.197.95.44
399,Jessie,Gianullo,jgianullob2@hibu.com,Female,145.216.149.118
400,Desi,Bartlosz,dbartloszb3@ebay.com,Non-binary,101.158.223.148
401,Kristen,Letch,kletchb4@seattletimes.com,Female,61.132.120.251
402,Orbadiah,Osichev,oosichevb5@oakley.com,Male,87.62.33.154
403,Gill,Schrir,gschrirb6@hugedomains.com,Male,250.36.87.186
404,Davide,Inder,dinderb7@flavors.me,Male,192.99.44.174
405,Nollie,Eilhart,neilhartb8@china.com.cn,Male,181.158.216.194
406,Claiborne,Thorowgood,cthorowgoodb9@netscape.com,Male,153.148.247.179
407,Egon,Simioli,esimioliba@nbcnews.com,Male,91.251.113.103
408,Godard,Van der Hoven,gvanderhovenbb@prlog.org,Male,197.16.45.196
409,Norina,Hurkett,nhurkettbc@spotify.com,Female,32.137.169.155
410,Zebulon,Valentino,zvalentinobd@samsung.com,Male,51.190.33.93
411,Juliette,Proger,jprogerbe@mapquest.com,Female,190.131.105.186
412,Bret,Diment,bdimentbf@networksolutions.com,Genderqueer,8.111.235.126
413,Yasmeen,Skaif,yskaifbg@engadget.com,Female,212.200.103.178
414,Camille,McKernon,cmckernonbh@timesonline.co.uk,Agender,64.252.48.109
415,Basilio,Eaken,beakenbi@blogspot.com,Non-binary,127.74.228.6
416,Missy,Hurndall,mhurndallbj@fema.gov,Female,64.203.136.31
417,Toma,Casina,tcasinabk@smugmug.com,Agender,151.91.46.218
418,Katherina,Knapton,kknaptonbl@bbb.org,Female,196.172.132.199
419,Friederike,Worsnap,fworsnapbm@amazon.com,Female,97.120.136.219
420,Virge,Snaddin,vsnaddinbn@nydailynews.com,Male,100.26.25.206
421,Sonnie,Gierke,sgierkebo@harvard.edu,Male,213.63.128.135
422,Wildon,Mealand,wmealandbp@eepurl.com,Male,206.149.122.25
423,Jaimie,Sherrington,jsherringtonbq@msn.com,Male,37.80.213.82
424,Starla,Colicot,scolicotbr@jugem.jp,Female,238.89.191.86
425,Tadeo,Kelcey,tkelceybs@npr.org,Male,215.204.6.153
426,Odille,Hedling,ohedlingbt@nps.gov,Polygender,101.22.74.239
427,Marlyn,Gallahar,mgallaharbu@sun.com,Female,230.121.213.11
428,Madalyn,Groundwater,mgroundwaterbv@photobucket.com,Female,35.1.3.194
429,Chet,Baskwell,cbaskwellbw@jigsy.com,Male,220.221.251.214
430,Loria,Harbach,lharbachbx@ucla.edu,Female,125.251.185.128
431,Leonerd,Loughlin,lloughlinby@cloudflare.com,Male,158.180.89.33
432,Nola,Donaho,ndonahobz@feedburner.com,Female,201.226.85.227
433,Sandy,Gencke,sgenckec0@deviantart.com,Female,94.107.83.133
434,Bill,Vettore,bvettorec1@nationalgeographic.com,Male,14.197.182.124
435,Blair,Rowbottam,browbottamc2@booking.com,Male,223.13.217.182
436,Robinet,Zumbusch,rzumbuschc3@weather.com,Male,188.178.117.106
437,Marci,Dasent,mdasentc4@printfriendly.com,Female,148.222.141.50
438,Noak,Bean,nbeanc5@lulu.com,Male,223.218.201.50
439,Kerby,Phant,kphantc6@themeforest.net,Male,239.175.110.8
440,Fidelity,Mounce,fmouncec7@squidoo.com,Female,102.143.161.229
441,Sandy,Radeliffe,sradeliffec8@dailymotion.com,Male,199.204.92.144
442,Indira,Waylett,iwaylettc9@nih.gov,Female,31.72.24.45
443,Gris,Wendover,gwendoverca@upenn.edu,Male,61.198.30.231
444,Waylan,Skaife,wskaifecb@4shared.com,Male,177.226.19.59
445,Martainn,Hounihan,mhounihancc@youku.com,Genderqueer,146.141.99.1
446,Rana,Woolcocks,rwoolcockscd@squarespace.com,Female,169.19.79.47
447,Valentino,Lyte,vlytece@lycos.com,Male,5.166.20.197
448,Ario,Foote,afootecf@godaddy.com,Male,246.122.205.243
449,Ave,Bernholt,abernholtcg@google.com.hk,Male,56.109.118.141
450,Toddie,Bent,tbentch@toplist.cz,Male,26.130.32.61
451,Adara,Malpas,amalpasci@harvard.edu,Female,226.243.255.147
452,Thorsten,Trengrouse,ttrengrousecj@skyrock.com,Male,42.218.26.213
453,Ari,Livzey,alivzeyck@senate.gov,Male,57.248.153.101
454,Dulcea,Labusch,dlabuschcl@thetimes.co.uk,Female,248.199.235.50
455,Joyous,Innes,jinnescm@ovh.net,Female,237.194.247.225
456,Sander,Metzke,smetzkecn@clickbank.net,Genderfluid,74.243.20.124
457,Angelico,Colloff,acolloffco@un.org,Male,161.124.39.156
458,Carey,Beaver,cbeavercp@goo.gl,Female,94.76.155.247
459,Lamond,Gilsthorpe,lgilsthorpecq@alibaba.com,Male,59.43.179.192
460,Artemas,Ferrieres,aferrierescr@mozilla.com,Male,254.191.23.145
461,Harri,Eates,heatescs@wunderground.com,Female,203.119.98.150
462,Daphne,Horney,dhorneyct@gmpg.org,Female,0.192.87.136
463,Pooh,Shelmerdine,pshelmerdinecu@time.com,Male,22.50.94.204
464,Bride,Ainslee,bainsleecv@dell.com,Female,34.197.35.181
465,Reinold,Blankhorn,rblankhorncw@blog.com,Male,201.56.237.186
466,Hoebart,Showell,hshowellcx@squarespace.com,Male,107.116.72.239
467,Clywd,Dregan,cdregancy@intel.com,Male,219.220.23.253
468,Viviene,Rolls,vrollscz@github.com,Female,119.59.120.67
469,Gifford,Bumpass,gbumpassd0@mac.com,Male,61.177.182.62
470,Felecia,Bromehead,fbromeheadd1@geocities.com,Female,147.8.163.33
471,Horatia,Pulster,hpulsterd2@theguardian.com,Female,123.207.57.1
472,Edee,Jerdan,ejerdand3@hexun.com,Female,56.51.62.138
473,Avram,Itzkovich,aitzkovichd4@noaa.gov,Male,167.160.212.202
474,Peri,Puddifer,ppuddiferd5@canalblog.com,Polygender,64.10.44.32
475,Maxie,Wakeley,mwakeleyd6@github.io,Male,72.29.81.29
476,Gayler,Iredell,giredelld7@twitpic.com,Male,23.83.222.65
477,Reine,Cronin,rcronind8@ibm.com,Female,170.153.190.135
478,Xenos,Honisch,xhonischd9@angelfire.com,Male,52.226.163.251
479,Christabel,Casajuana,ccasajuanada@yale.edu,Female,27.44.132.143
480,Janka,Doldon,jdoldondb@deliciousdays.com,Female,226.225.226.79
481,Arabela,Ribey,aribeydc@europa.eu,Female,81.214.174.214
482,Roddy,Kielty,rkieltydd@storify.com,Male,95.129.112.220
483,Harwell,Vasyutichev,hvasyutichevde@alibaba.com,Male,194.1.137.39
484,Colette,Kibbye,ckibbyedf@mozilla.org,Female,243.67.178.116
485,Trefor,Berisford,tberisforddg@wired.com,Male,140.36.194.150
486,Gerrard,Nehls,gnehlsdh@rambler.ru,Male,29.62.52.152
487,Chris,Struis,cstruisdi@nydailynews.com,Male,250.139.140.196
488,Grayce,Hartle,ghartledj@omniture.com,Female,195.117.114.173
489,Bendicty,Birrel,bbirreldk@cnet.com,Male,205.108.197.186
490,Kaylil,Cork,kcorkdl@geocities.com,Female,173.57.64.118
491,Jeth,Sleeny,jsleenydm@furl.net,Male,85.93.75.253
492,Sianna,MacIllrick,smacillrickdn@hatena.ne.jp,Female,198.148.33.87
493,Miguela,Searchwell,msearchwelldo@paypal.com,Genderqueer,10.165.134.67
494,Jammie,Cardow,jcardowdp@amazon.co.jp,Female,58.180.224.49
495,Cleon,Ingold,cingolddq@pbs.org,Male,44.44.168.29
496,Rube,Berard,rberarddr@angelfire.com,Male,220.138.241.170
497,Melamie,Adnam,madnamds@fema.gov,Female,15.52.100.189
498,Mimi,Kloss,mklossdt@booking.com,Bigender,198.230.180.57
499,Cull,Vuitton,cvuittondu@disqus.com,Male,247.224.135.16
500,Mirna,Duro,mdurodv@ocn.ne.jp,Female,138.114.249.141
501,Brody,Peto,bpetodw@github.io,Agender,57.191.73.43
502,Niki,Chater,nchaterdx@bizjournals.com,Male,179.28.152.179
503,Matteo,Lyes,mlyesdy@phpbb.com,Male,227.81.16.236
504,Waneta,Bengtson,wbengtsondz@dagondesign.com,Female,172.134.207.190
505,Carroll,Samweyes,csamweyese0@studiopress.com,Female,187.21.119.196
506,Hadlee,Glede,hgledee1@msn.com,Male,254.66.174.86
507,Jamey,Apps,jappse2@bbb.org,Male,201.52.25.224
508,Tallulah,O'Halloran,tohallorane3@chron.com,Female,220.45.122.38
509,Pippo,Elcy,pelcye4@youku.com,Male,239.119.107.2
510,Sasha,Gracey,sgraceye5@chronoengine.com,Female,212.124.155.84
511,Arne,Hollindale,ahollindalee6@parallels.com,Male,17.176.206.26
512,Carey,Croneen,ccroneene7@reverbnation.com,Male,132.220.165.161
513,Adelbert,Cattell,acattelle8@creativecommons.org,Polygender,20.71.147.135
514,Vinny,Estabrook,vestabrooke9@businesswire.com,Male,238.182.226.100
515,Laurens,de Keyser,ldekeyserea@freewebs.com,Male,116.221.61.42
516,Stewart,Arntzen,sarntzeneb@g.co,Male,74.241.246.136
517,Gaven,Filson,gfilsonec@dailymotion.com,Male,127.204.111.185
518,Rois,Moulster,rmoulstered@vistaprint.com,Female,173.220.173.76
519,Ellswerth,Duley,eduleyee@pbs.org,Male,142.231.180.249
520,Ola,Twinbourne,otwinbourneef@arstechnica.com,Female,105.66.232.179
521,Bonny,De Ferrari,bdeferrarieg@indiatimes.com,Female,137.168.80.159
522,Georgie,Draijer,gdraijereh@chicagotribune.com,Female,211.14.40.215
523,Jo-anne,Taree,jtareeei@ow.ly,Female,69.222.192.49
524,Lib,Owlner,lowlnerej@cnn.com,Female,100.235.168.62
525,Pacorro,Vickars,pvickarsek@de.vu,Male,55.81.110.10
526,Evvie,Baccus,ebaccusel@ox.ac.uk,Female,4.212.255.245
527,Ora,Liccardo,oliccardoem@goodreads.com,Agender,203.144.71.86
528,Grange,Ugoletti,gugolettien@macromedia.com,Male,165.237.198.18
529,Franzen,Inge,fingeeo@github.io,Male,155.101.200.188
530,Cati,Stronghill,cstronghillep@yale.edu,Female,59.58.74.99
531,Geralda,Jaumet,gjaumeteq@mapy.cz,Bigender,240.152.157.46
532,Pip,Helliker,phellikerer@apple.com,Male,90.182.50.246
533,Linnell,Greser,lgreseres@fc2.com,Female,244.234.203.154
534,Hermy,Reams,hreamset@icq.com,Male,111.4.112.182
535,Lyle,Gerault,lgeraulteu@nature.com,Male,166.226.14.140
536,Brew,Onge,bongeev@mapquest.com,Male,181.52.201.90
537,Cosimo,Gutowska,cgutowskaew@google.co.uk,Polygender,198.128.207.147
538,Filippo,Carreck,fcarreckex@over-blog.com,Male,129.255.123.219
539,Angelique,Wilse,awilseey@alibaba.com,Female,62.94.38.250
540,Moe,Spellecy,mspellecyez@yellowpages.com,Male,242.188.245.80
541,Addie,Eliff,aelifff0@mlb.com,Male,119.253.115.154
542,Cordie,Butland,cbutlandf1@columbia.edu,Male,135.38.92.65
543,Doralynn,Eddoes,deddoesf2@creativecommons.org,Female,35.53.180.200
544,Jania,Calloway,jcallowayf3@moonfruit.com,Female,137.146.114.75
545,Ronnica,Whillock,rwhillockf4@wufoo.com,Female,34.219.68.71
546,Carter,Addeycott,caddeycottf5@artisteer.com,Male,44.99.82.34
547,Wildon,Bradneck,wbradneckf6@jimdo.com,Male,25.39.65.34
548,Bryn,Andryszczak,bandryszczakf7@yellowbook.com,Female,124.253.254.105
549,Hilliary,Pinyon,hpinyonf8@soundcloud.com,Female,135.207.247.176
550,Dorotea,Malimoe,dmalimoef9@comsenz.com,Female,9.23.12.186
551,Trudey,Moline,tmolinefa@php.net,Female,137.199.143.88
552,Nelson,Palluschek,npalluschekfb@ehow.com,Genderfluid,119.143.123.245
553,Lawrence,Bruggeman,lbruggemanfc@youku.com,Male,191.172.36.162
554,Julian,Grellis,jgrellisfd@php.net,Male,240.219.77.43
555,Kelcey,Klicher,kklicherfe@unesco.org,Female,194.127.36.89
556,Kiley,Di Ruggero,kdiruggeroff@nps.gov,Female,86.187.72.2
557,Julie,Edie,jediefg@phoca.cz,Male,232.47.161.17
558,Nathalia,Orneblow,norneblowfh@oaic.gov.au,Genderfluid,35.17.7.153
559,Tallulah,Organ,torganfi@quantcast.com,Polygender,114.233.119.212
560,Babs,Capp,bcappfj@washingtonpost.com,Female,166.222.172.37
561,Vilhelmina,MacIlriach,vmacilriachfk@arizona.edu,Female,24.131.248.80
562,Rois,Longo,rlongofl@loc.gov,Female,41.24.85.45
563,Annette,Wallbridge,awallbridgefm@chron.com,Female,219.123.115.250
564,Sarette,Dallimare,sdallimarefn@usgs.gov,Female,201.162.130.83
565,Sydney,Brearley,sbrearleyfo@samsung.com,Female,118.187.57.190
566,Melosa,Deetlof,mdeetloffp@cafepress.com,Female,214.78.221.115
567,Jourdain,Parlott,jparlottfq@unicef.org,Male,38.139.223.243
568,Dolores,Lancett,dlancettfr@hhs.gov,Female,15.33.169.194
569,Celestine,Spellacy,cspellacyfs@google.de,Female,250.243.44.202
570,Beth,Clow,bclowft@omniture.com,Female,165.53.170.214
571,Haywood,Doctor,hdoctorfu@printfriendly.com,Male,169.211.179.113
572,Broddy,Cadamy,bcadamyfv@ca.gov,Male,96.210.112.51
573,Jaquelin,Ramel,jramelfw@deviantart.com,Female,229.180.80.202
574,Ariel,Grimes,agrimesfx@google.it,Female,189.59.42.228
575,Marybeth,Dunbar,mdunbarfy@msn.com,Female,19.61.42.58
576,Dom,Moizer,dmoizerfz@skype.com,Male,18.4.37.168
577,Tedmund,Bew,tbewg0@fema.gov,Male,116.159.79.234
578,Quinton,Fitzsimons,qfitzsimonsg1@google.com.au,Polygender,29.112.1.104
579,Krystyna,Gauden,kgaudeng2@kickstarter.com,Female,36.235.5.17
580,Gusti,Knell,gknellg3@dropbox.com,Female,155.133.219.192
581,Verina,Goodbarne,vgoodbarneg4@tinypic.com,Female,143.53.180.143
582,Janela,Caghy,jcaghyg5@pinterest.com,Female,204.88.64.82
583,Katherina,Aers,kaersg6@salon.com,Female,145.23.176.119
584,Werner,Gauchier,wgauchierg7@mashable.com,Male,132.65.131.14
585,Charlton,Jachtym,cjachtymg8@creativecommons.org,Male,178.70.110.131
586,Roana,Schwartz,rschwartzg9@lulu.com,Female,100.150.147.87
587,Tulley,Whooley,twhooleyga@posterous.com,Male,33.247.200.117
588,Maddy,Greveson,mgrevesongb@cpanel.net,Male,99.135.60.162
589,Addie,Bonallick,abonallickgc@desdev.cn,Female,12.172.173.218
590,Dasie,Lax,dlaxgd@usa.gov,Female,214.8.176.133
591,Crissie,Hodjetts,chodjettsge@list-manage.com,Female,176.57.156.203
592,Leontyne,Treven,ltrevengf@paginegialle.it,Female,226.148.242.156
593,Thea,Warry,twarrygg@elpais.com,Female,111.62.164.19
594,Melisande,Rumsey,mrumseygh@4shared.com,Female,237.116.170.212
595,Angelique,Ayce,aaycegi@youku.com,Female,227.13.60.243
596,Yalonda,Corah,ycorahgj@biglobe.ne.jp,Female,57.175.12.126
597,Clyve,Daniele,cdanielegk@berkeley.edu,Male,211.143.47.147
598,Newton,Quinane,nquinanegl@sogou.com,Male,103.164.163.62
599,Joaquin,Vannozzii,jvannozziigm@bloomberg.com,Male,196.213.14.137
600,Karlotte,Mitchard,kmitchardgn@weebly.com,Genderfluid,83.197.8.220
601,Kissie,Chaston,kchastongo@icq.com,Genderqueer,164.28.87.112
602,Dorisa,Foxworthy,dfoxworthygp@state.tx.us,Female,23.83.19.133
603,Hector,Larway,hlarwaygq@storify.com,Agender,88.213.191.184
604,Johanna,Reeday,jreedaygr@t-online.de,Female,117.104.217.180
605,Bob,Witcomb,bwitcombgs@yellowpages.com,Male,205.186.92.54
606,Chick,Dorgan,cdorgangt@techcrunch.com,Male,51.174.47.91
607,Lacie,Snodden,lsnoddengu@yandex.ru,Female,171.217.154.139
608,Broderic,Van Halle,bvanhallegv@foxnews.com,Male,18.153.47.1
609,Raimondo,Ninnis,rninnisgw@infoseek.co.jp,Male,123.71.106.18
610,Izak,Escala,iescalagx@clickbank.net,Male,68.1.77.185
611,Franzen,Raspin,fraspingy@house.gov,Male,218.193.90.255
612,Annabal,Bernhardi,abernhardigz@dyndns.org,Female,57.186.182.168
613,Igor,Huge,ihugeh0@loc.gov,Male,168.38.130.176
614,Kelly,Trevaskus,ktrevaskush1@flickr.com,Male,167.101.69.169
615,Meier,Hendriks,mhendriksh2@ameblo.jp,Male,52.94.121.37
616,Aubrey,Halvorsen,ahalvorsenh3@cornell.edu,Female,63.156.226.181
617,Portie,Lippitt,plippitth4@china.com.cn,Agender,49.236.239.153
618,Ashil,Christophersen,achristophersenh5@free.fr,Female,53.235.208.44
619,Antone,Canlin,acanlinh6@forbes.com,Male,131.238.155.209
620,Darby,Harkin,dharkinh7@youtu.be,Female,26.77.98.42
621,Randy,Barrar,rbarrarh8@sogou.com,Female,226.254.72.188
622,Chris,Connochie,cconnochieh9@php.net,Male,18.165.45.5
623,Derk,Johananoff,djohananoffha@walmart.com,Male,167.187.20.123
624,Pepita,Swinfen,pswinfenhb@vk.com,Female,36.37.61.247
625,Mill,Claydon,mclaydonhc@amazon.de,Male,125.36.59.180
626,Farra,Titcom,ftitcomhd@squidoo.com,Female,158.153.177.17
627,Ann-marie,Winter,awinterhe@si.edu,Female,35.159.43.93
628,Maison,Comer,mcomerhf@mysql.com,Male,192.14.210.247
629,Else,Coyle,ecoylehg@mlb.com,Female,58.231.173.108
630,Bonnibelle,Ciotto,bciottohh@friendfeed.com,Female,133.3.9.202
631,Aindrea,Flukes,aflukeshi@independent.co.uk,Female,134.112.153.106
632,Dunc,Wilcott,dwilcotthj@loc.gov,Male,41.53.91.128
633,Wynne,Cullinan,wcullinanhk@csmonitor.com,Female,154.171.35.85
634,Erny,Moss,emosshl@blinklist.com,Male,108.61.129.191
635,Catherin,Donohoe,cdonohoehm@techcrunch.com,Female,6.183.178.242
636,Fredek,Boullen,fboullenhn@yahoo.com,Male,32.137.89.230
637,Donelle,Bolles,dbollesho@dell.com,Female,86.115.69.9
638,Bernadene,Hawking,bhawkinghp@livejournal.com,Female,9.148.132.62
639,Adel,Harkness,aharknesshq@ask.com,Agender,0.40.23.108
640,Northrup,Bimrose,nbimrosehr@cargocollective.com,Male,150.10.144.139
641,Sarita,Doel,sdoelhs@slashdot.org,Female,87.240.5.196
642,Belle,Dymoke,bdymokeht@oakley.com,Female,96.199.166.156
643,Neddy,Tellwright,ntellwrighthu@multiply.com,Male,183.19.31.42
644,Fredericka,Berzins,fberzinshv@wordpress.com,Female,157.201.236.83
645,Farleigh,McTiernan,fmctiernanhw@uiuc.edu,Male,95.32.209.138
646,Frederic,Lambourne,flambournehx@uol.com.br,Polygender,246.201.6.201
647,Halli,Senescall,hsenescallhy@epa.gov,Female,223.188.225.154
648,Teddy,Lambrecht,tlambrechthz@cornell.edu,Male,70.154.164.69
649,Misty,Batty,mbattyi0@xinhuanet.com,Female,196.51.87.132
650,Zaria,Chadney,zchadneyi1@behance.net,Female,155.114.99.152
651,Brendis,Courtonne,bcourtonnei2@yolasite.com,Genderqueer,26.42.123.182
652,Margit,Wallis,mwallisi3@gravatar.com,Female,43.234.202.59
653,Burt,Cleevely,bcleevelyi4@archive.org,Male,139.78.44.214
654,Gretal,Yeskin,gyeskini5@usgs.gov,Female,157.221.202.167
655,Westbrook,Ganderton,wgandertoni6@instagram.com,Bigender,244.85.33.75
656,Findley,Rubinek,frubineki7@usgs.gov,Male,255.188.155.153
657,Kenon,Hurren,khurreni8@exblog.jp,Male,179.109.66.168
658,Binny,Melling,bmellingi9@mayoclinic.com,Female,232.89.9.111
659,Ninnetta,Saxton,nsaxtonia@addthis.com,Female,93.64.214.225
660,Clary,Thecham,cthechamib@paypal.com,Female,86.78.190.37
661,Dan,Escoffrey,descoffreyic@dedecms.com,Male,55.79.132.107
662,Vaughn,Ost,vostid@hexun.com,Male,101.131.225.35
663,Dru,Pessel,dpesselie@blogs.com,Polygender,207.29.255.154
664,Yorker,Cathery,ycatheryif@homestead.com,Male,148.175.124.60
665,Everard,Bracer,ebracerig@blogs.com,Male,47.112.165.116
666,Virgie,Andreou,vandreouih@timesonline.co.uk,Male,65.230.211.80
667,Elmira,Tolossi,etolossiii@irs.gov,Polygender,14.113.209.58
668,Blair,Grouse,bgrouseij@sbwire.com,Male,235.142.212.86
669,Wainwright,Haddow,whaddowik@ihg.com,Male,215.30.68.241
670,Shayla,Dixey,sdixeyil@myspace.com,Female,247.74.120.154
671,Talbert,Dufaur,tdufaurim@amazon.de,Male,234.219.236.14
672,Brantley,Riddiough,briddioughin@rediff.com,Male,89.89.72.176
673,Kin,Horley,khorleyio@dell.com,Male,253.149.166.27
674,Georgina,Gimbrett,ggimbrettip@msu.edu,Female,30.25.50.127
675,Bran,Driscoll,bdriscolliq@upenn.edu,Male,202.171.194.138
676,Biron,Verdey,bverdeyir@dell.com,Male,167.68.199.72
677,Teador,Issacov,tissacovis@ox.ac.uk,Male,27.10.246.83
678,Kristin,White,kwhiteit@acquirethisname.com,Female,20.107.45.175
679,Amity,Wolfers,awolfersiu@boston.com,Genderqueer,111.173.198.51
680,Farly,Heims,fheimsiv@unblog.fr,Male,86.203.89.191
681,Nolly,Joannic,njoanniciw@123-reg.co.uk,Male,76.209.181.33
682,Vinny,Pendleton,vpendletonix@elpais.com,Male,116.224.103.77
683,Gwen,Bell,gbelliy@tuttocitta.it,Female,209.213.62.75
684,Delilah,Patten,dpatteniz@techcrunch.com,Female,70.114.109.150
685,Winfield,Tolussi,wtolussij0@slate.com,Male,29.117.196.106
686,Ninetta,Retallack,nretallackj1@miibeian.gov.cn,Female,251.214.67.102
687,Hermione,Pergens,hpergensj2@amazon.co.jp,Polygender,68.63.97.24
688,Ikey,Westrip,iwestripj3@aol.com,Male,135.71.71.82
689,Flory,McKellen,fmckellenj4@indiatimes.com,Male,171.176.73.131
690,Nannette,Boucher,nboucherj5@booking.com,Genderqueer,65.31.213.117
691,Carney,Btham,cbthamj6@imageshack.us,Male,70.54.248.115
692,Roger,Milner,rmilnerj7@webeden.co.uk,Male,55.250.175.63
693,Francoise,Brunker,fbrunkerj8@theguardian.com,Female,86.152.37.235
694,Gay,Busek,gbusekj9@netlog.com,Male,55.170.251.42
695,Tilda,Meriel,tmerielja@tripod.com,Female,97.96.216.86
696,Tomi,MacFarlane,tmacfarlanejb@dell.com,Female,231.98.237.79
697,Rip,Splevins,rsplevinsjc@deviantart.com,Male,87.214.249.229
698,Wade,Burne,wburnejd@upenn.edu,Male,57.244.54.174
699,Kahlil,Josselsohn,kjosselsohnje@unesco.org,Male,121.137.97.48
700,Godiva,Methven,gmethvenjf@hhs.gov,Female,159.213.222.109
701,Suzi,Claque,sclaquejg@imgur.com,Female,110.165.18.109
702,Laryssa,Jerrans,ljerransjh@histats.com,Female,33.119.48.96
703,Mateo,Woffinden,mwoffindenji@chicagotribune.com,Non-binary,24.160.66.181
704,Pascal,Viney,pvineyjj@woothemes.com,Male,228.109.64.186
705,Gill,Tunn,gtunnjk@pagesperso-orange.fr,Female,196.65.25.83
706,Lindy,Hanning,lhanningjl@nasa.gov,Female,180.186.122.89
707,Denise,Pedro,dpedrojm@trellian.com,Female,181.131.237.194
708,Zedekiah,Hounsom,zhounsomjn@etsy.com,Male,193.129.193.102
709,Jervis,Alonso,jalonsojo@va.gov,Male,137.231.220.43
710,Ashlee,Haistwell,ahaistwelljp@hhs.gov,Bigender,236.221.247.142
711,Loralyn,Aris,larisjq@goo.gl,Female,181.144.12.103
712,Herrick,Juste,hjustejr@usda.gov,Male,125.106.253.250
713,May,Real,mrealjs@google.com.au,Female,90.34.80.205
714,Bale,Landell,blandelljt@bbc.co.uk,Male,124.31.158.94
715,Shina,Whitmore,swhitmoreju@archive.org,Female,91.106.104.195
716,Cybil,Rapo,crapojv@hexun.com,Female,81.183.120.145
717,Marcelia,Comello,mcomellojw@gov.uk,Female,20.67.214.138
718,Cori,Endrighi,cendrighijx@nbcnews.com,Female,85.164.100.62
719,Shel,Pirolini,spirolinijy@bing.com,Female,0.152.246.95
720,Madelena,Virr,mvirrjz@mail.ru,Female,126.91.38.209
721,Feliza,Randales,frandalesk0@myspace.com,Polygender,137.169.110.200
722,Daffi,Caiger,dcaigerk1@bloglovin.com,Female,189.70.173.159
723,Dorothea,Moresby,dmoresbyk2@cnn.com,Female,53.27.91.132
724,Brodie,Dowman,bdowmank3@clickbank.net,Male,74.73.202.68
725,Hailey,Crossingham,hcrossinghamk4@skyrock.com,Male,111.79.249.69
726,Kettie,MacManus,kmacmanusk5@cloudflare.com,Female,107.215.210.203
727,Allx,Robker,arobkerk6@photobucket.com,Female,122.219.254.214
728,Inna,Liddyard,iliddyardk7@cdc.gov,Female,219.204.242.68
729,Millie,Greenhowe,mgreenhowek8@oaic.gov.au,Female,27.14.29.133
730,Freeman,Bloxam,fbloxamk9@pen.io,Genderqueer,152.81.208.84
731,Yance,Galey,ygaleyka@sogou.com,Genderqueer,132.65.96.103
732,Carmen,Baughn,cbaughnkb@webmd.com,Genderfluid,117.10.99.134
733,Royce,Whitnell,rwhitnellkc@oracle.com,Non-binary,93.141.83.212
734,Molly,Petrushka,mpetrushkakd@qq.com,Female,33.114.213.126
735,Elka,Judgkins,ejudgkinske@cbslocal.com,Female,156.164.192.111
736,Max,Pert,mpertkf@google.com.br,Male,113.111.132.254
737,Constancia,Collingwood,ccollingwoodkg@state.gov,Female,50.63.147.112
738,Kimmy,Kinghorn,kkinghornkh@columbia.edu,Polygender,80.24.30.176
739,Braden,Imm,bimmki@dmoz.org,Male,98.68.82.88
740,Ariella,Walcher,awalcherkj@dot.gov,Female,168.121.87.5
741,Amelie,Gifford,agiffordkk@blogspot.com,Female,240.246.1.83
742,Kizzie,Hebdon,khebdonkl@alexa.com,Female,126.24.56.192
743,Tore,Hairsine,thairsinekm@nymag.com,Male,54.87.86.179
744,Lenette,Keitley,lkeitleykn@blog.com,Female,62.217.97.199
745,Bev,Geekin,bgeekinko@com.com,Male,250.64.62.175
746,Nisse,Lincey,nlinceykp@goodreads.com,Female,42.152.52.156
747,Duffie,Houlison,dhoulisonkq@statcounter.com,Male,98.81.18.91
748,Yvor,Kopman,ykopmankr@addthis.com,Male,56.155.158.129
749,Tonnie,Shambrook,tshambrookks@cam.ac.uk,Male,71.182.199.139
750,Chiarra,Pattle,cpattlekt@sun.com,Female,184.92.253.10
751,Joellen,Goodhay,jgoodhayku@noaa.gov,Female,28.255.27.117
752,Harmony,Gosalvez,hgosalvezkv@ibm.com,Female,17.38.234.26
753,Kim,McEvon,kmcevonkw@wiley.com,Female,13.244.62.234
754,Sandy,Duke,sdukekx@google.nl,Male,81.242.221.84
755,Elvin,MacPaik,emacpaikky@reverbnation.com,Male,78.6.76.151
756,Doll,Abbay,dabbaykz@sitemeter.com,Female,10.173.106.39
757,Jehanna,Strangward,jstrangwardl0@canalblog.com,Female,88.43.40.162
758,Andre,Matignon,amatignonl1@soundcloud.com,Male,18.178.170.174
759,Shara,Seal,sseall2@geocities.jp,Female,8.70.102.216
760,Simmonds,Redhouse,sredhousel3@photobucket.com,Genderfluid,25.214.8.30
761,Amby,Beretta,aberettal4@msn.com,Male,17.74.168.120
762,Salvador,Scarrisbrick,sscarrisbrickl5@goodreads.com,Male,59.161.220.119
763,Jo-anne,Print,jprintl6@toplist.cz,Female,153.52.17.143
764,Melanie,Kitcher,mkitcherl7@japanpost.jp,Female,56.61.152.19
765,Cacilia,Alyonov,calyonovl8@amazon.de,Female,253.159.91.80
766,Rasla,Todari,rtodaril9@forbes.com,Bigender,164.129.39.105
767,Hobey,Hacking,hhackingla@prnewswire.com,Agender,152.203.207.232
768,Annice,Hutchinson,ahutchinsonlb@stumbleupon.com,Female,111.208.233.16
769,Saxon,Breyt,sbreytlc@purevolume.com,Male,18.63.76.203
770,Jade,Amberson,jambersonld@accuweather.com,Female,3.92.178.192
771,Milly,Buxcey,mbuxceyle@howstuffworks.com,Female,233.210.138.109
772,Brinn,Dealy,bdealylf@technorati.com,Female,96.241.167.55
773,Dana,Monini,dmoninilg@craigslist.org,Male,43.124.172.193
774,Nancie,Rocks,nrockslh@w3.org,Female,5.179.114.146
775,Rees,Kinig,rkinigli@jugem.jp,Male,54.171.17.254
776,Urbano,Aimer,uaimerlj@123-reg.co.uk,Male,184.221.53.171
777,Lyn,Rhodef,lrhodeflk@ning.com,Female,205.82.222.49
778,Abbey,Berge,abergell@zdnet.com,Male,213.80.116.51
779,Davine,Walworth,dwalworthlm@tumblr.com,Female,140.149.75.14
780,Jordan,Lyle,jlyleln@oakley.com,Male,102.181.181.243
781,Jada,Selburn,jselburnlo@scientificamerican.com,Female,147.67.237.94
782,Andre,Farthing,afarthinglp@tripod.com,Male,33.67.108.148
783,Tirrell,Slimmon,tslimmonlq@bing.com,Male,170.220.244.250
784,Xenos,Allcoat,xallcoatlr@gravatar.com,Male,211.179.143.104
785,Rhys,Garner,rgarnerls@discovery.com,Male,109.23.207.233
786,Salvidor,Radki,sradkilt@wordpress.com,Male,114.103.67.90
787,Lorraine,Hrinchishin,lhrinchishinlu@hostgator.com,Female,173.166.177.73
788,Ambrose,Carleman,acarlemanlv@smh.com.au,Male,75.155.40.23
789,Marty,Joscelyn,mjoscelynlw@mashable.com,Genderqueer,203.135.191.146
790,Cinderella,Shemmans,cshemmanslx@bloglines.com,Female,22.2.13.199
791,Tyne,Hartley,thartleyly@toplist.cz,Female,252.101.59.91
792,Ephrayim,Tackes,etackeslz@cpanel.net,Male,212.172.30.251
793,Teddie,Tick,ttickm0@who.int,Male,138.167.167.88
794,Minor,Ilden,mildenm1@list-manage.com,Male,155.147.9.116
795,Thaddeus,Roscamps,troscampsm2@printfriendly.com,Male,169.9.20.106
796,Georgianna,Krojn,gkrojnm3@google.de,Agender,30.210.91.56
797,Claretta,Sandeford,csandefordm4@nbcnews.com,Female,250.154.152.174
798,Alfi,Gregoratti,agregorattim5@state.gov,Female,136.134.2.233
799,Filia,Crick,fcrickm6@alibaba.com,Polygender,220.11.36.225
800,Hoebart,Dimitrie,hdimitriem7@taobao.com,Male,154.189.142.198
801,Alfred,Scartifield,ascartifieldm8@bbb.org,Male,213.217.29.166
802,Adriaens,Howick,ahowickm9@paginegialle.it,Female,68.159.174.105
803,Orren,Oiseau,ooiseauma@biglobe.ne.jp,Male,170.177.212.159
804,Vita,Feathersby,vfeathersbymb@icio.us,Female,221.101.168.105
805,Marsiella,Ruffler,mrufflermc@webeden.co.uk,Female,40.197.188.253
806,Shayne,Whates,swhatesmd@quantcast.com,Female,88.254.116.245
807,Georas,Sudlow,gsudlowme@paginegialle.it,Male,42.16.157.221
808,Daria,Mac Giolla Pheadair,dmacgiollapheadairmf@si.edu,Female,196.66.12.53
809,Diego,Maddick,dmaddickmg@soup.io,Male,153.71.214.250
810,Bronson,Trundle,btrundlemh@biglobe.ne.jp,Male,69.181.95.164
811,Nikolia,Camell,ncamellmi@timesonline.co.uk,Female,2.217.114.56
812,Marnia,Cartan,mcartanmj@amazonaws.com,Female,29.130.32.68
813,Parsifal,Bendig,pbendigmk@usatoday.com,Male,67.5.216.32
814,Naomi,Antonias,nantoniasml@sina.com.cn,Female,224.218.252.151
815,Elihu,Holdey,eholdeymm@jiathis.com,Male,126.34.157.15
816,Davita,Bartrap,dbartrapmn@hostgator.com,Female,53.215.105.196
817,Dallis,Orhrt,dorhrtmo@joomla.org,Male,191.30.123.165
818,Frannie,Juara,fjuaramp@google.de,Female,7.144.158.17
819,Martelle,O'Henery,mohenerymq@wisc.edu,Female,177.255.147.225
820,Delinda,Pepperill,dpepperillmr@sakura.ne.jp,Female,117.193.21.22
821,Etheline,Tilte,etiltems@dropbox.com,Female,179.34.147.95
822,Harlen,Lideard,hlideardmt@businessweek.com,Male,136.23.86.81
823,Catlin,Varnals,cvarnalsmu@answers.com,Female,234.2.97.83
824,Rozele,Poultney,rpoultneymv@indiatimes.com,Female,221.223.26.20
825,Orran,Siddons,osiddonsmw@mashable.com,Male,152.141.142.89
826,Virgil,Steart,vsteartmx@fc2.com,Male,110.66.177.71
827,Sander,Abrahmer,sabrahmermy@last.fm,Male,245.132.198.251
828,Melissa,Georgeson,mgeorgesonmz@washington.edu,Female,35.33.54.237
829,Corny,Boyfield,cboyfieldn0@nature.com,Male,120.219.247.172
830,Benjamin,Quadri,bquadrin1@bbb.org,Male,133.191.96.3
831,Bowie,Sorensen,bsorensenn2@gravatar.com,Male,48.153.156.133
832,Hillie,Milner,hmilnern3@marketwatch.com,Male,233.57.168.189
833,Isadora,Eastwood,ieastwoodn4@youtu.be,Female,196.201.193.149
834,Maxine,Eicke,meicken5@usa.gov,Female,47.111.245.208
835,Obie,Lindemann,olindemannn6@pagesperso-orange.fr,Male,176.26.151.192
836,Maryjo,Brigge,mbriggen7@ca.gov,Genderqueer,175.160.176.58
837,Saleem,Granham,sgranhamn8@google.ru,Male,224.133.230.32
838,Malena,Cope,mcopen9@wired.com,Female,234.84.53.41
839,Frank,Filyaev,ffilyaevna@marketwatch.com,Polygender,12.229.191.35
840,Si,Fanton,sfantonnb@webmd.com,Male,61.45.145.79
841,Alysia,Howsin,ahowsinnc@smugmug.com,Female,124.232.210.112
842,Reine,Colnet,rcolnetnd@amazon.de,Genderqueer,254.116.16.49
843,Correy,Lebang,clebangne@yolasite.com,Male,150.246.231.218
844,Pasquale,Tolossi,ptolossinf@goo.ne.jp,Male,200.29.3.54
845,Idalina,Ferrer,iferrerng@friendfeed.com,Agender,11.4.116.207
846,Olin,Ditchett,oditchettnh@cafepress.com,Male,120.144.158.116
847,Maddi,Liddyard,mliddyardni@desdev.cn,Female,187.93.145.105
848,Matty,Trinke,mtrinkenj@vk.com,Male,171.213.231.71
849,Randall,Gellett,rgellettnk@mail.ru,Bigender,88.49.102.48
850,Veronique,Wint,vwintnl@gov.uk,Female,71.58.153.63
851,Gypsy,Grimsditch,ggrimsditchnm@mediafire.com,Female,110.92.89.99
852,Ike,Payle,ipaylenn@trellian.com,Male,92.3.58.227
853,Marlo,Joslyn,mjoslynno@samsung.com,Male,138.72.47.223
854,Alastair,Ewbanck,aewbancknp@wordpress.org,Male,150.37.16.248
855,Alida,Sentance,asentancenq@yale.edu,Female,177.254.84.237
856,Mic,Buttriss,mbuttrissnr@phoca.cz,Male,23.208.129.103
857,Roldan,Jobbins,rjobbinsns@stanford.edu,Male,232.255.136.135
858,Pearce,Fitchew,pfitchewnt@ftc.gov,Male,172.184.179.83
859,Finn,Defont,fdefontnu@bloglovin.com,Bigender,5.64.105.183
860,Karney,Eseler,keselernv@yellowbook.com,Male,192.46.163.247
861,Donaugh,Matessian,dmatessiannw@archive.org,Male,9.60.151.138
862,Rori,Ben-Aharon,rbenaharonnx@opera.com,Female,63.250.153.18
863,Grady,Wingatt,gwingattny@mayoclinic.com,Male,236.237.153.79
864,Ned,Chong,nchongnz@spiegel.de,Male,100.77.82.193
865,Alfie,Kemsley,akemsleyo0@newyorker.com,Female,21.243.131.188
866,Rivi,Mougin,rmougino1@cnet.com,Female,246.236.37.6
867,Jillane,Brisley,jbrisleyo2@apache.org,Female,215.62.92.78
868,Allianora,Cobbledick,acobbledicko3@over-blog.com,Female,22.170.222.164
869,Zollie,Kill,zkillo4@ucoz.ru,Male,22.143.214.169
870,Russell,Caseley,rcaseleyo5@mail.ru,Male,163.118.133.181
871,Haleigh,Fillgate,hfillgateo6@engadget.com,Male,167.19.162.207
872,Clari,McAlinden,cmcalindeno7@google.nl,Female,90.79.123.247
873,Aviva,Petit,apetito8@wunderground.com,Female,223.182.234.210
874,Talia,Dummett,tdummetto9@sun.com,Female,75.180.212.103
875,Joshua,Crippill,jcrippilloa@youtube.com,Male,116.223.91.80
876,Daren,Bettinson,dbettinsonob@prlog.org,Male,77.117.50.67
877,Clary,Jeandel,cjeandeloc@bing.com,Female,254.91.104.164
878,Shannah,Bisterfeld,sbisterfeldod@google.cn,Female,178.70.159.193
879,Elias,Balog,ebalogoe@epa.gov,Male,12.7.177.13
880,Rhodie,Childes,rchildesof@cafepress.com,Genderfluid,79.145.87.127
881,Jim,Vowell,jvowellog@exblog.jp,Non-binary,199.9.144.174
882,Georg,Ellett,gellettoh@mediafire.com,Male,114.102.157.159
883,Shelba,Baulch,sbaulchoi@examiner.com,Female,244.245.43.223
884,Gizela,Bunting,gbuntingoj@who.int,Female,77.198.91.240
885,Alla,Speers,aspeersok@storify.com,Female,183.228.208.48
886,Nerissa,Gruszecki,ngruszeckiol@smugmug.com,Female,92.206.214.128
887,Currey,Fussie,cfussieom@businessweek.com,Male,47.239.74.191
888,Katinka,McClaughlin,kmcclaughlinon@topsy.com,Female,118.86.124.241
889,Symon,Forrester,sforresteroo@buzzfeed.com,Male,67.190.228.117
890,Marigold,Rubes,mrubesop@t-online.de,Female,177.179.189.218
891,Milty,Shucksmith,mshucksmithoq@macromedia.com,Bigender,66.82.91.155
892,Carlin,Locock,clocockor@list-manage.com,Female,74.234.194.251
893,Lauritz,Maletratt,lmaletrattos@1und1.de,Male,140.165.220.249
894,Ferrel,Gaish,fgaishot@blogs.com,Male,228.23.206.147
895,Esteban,Cristoferi,ecristoferiou@businessweek.com,Male,103.10.50.179
896,Patrizio,Currier,pcurrierov@omniture.com,Male,239.157.72.84
897,Silvester,Smoughton,ssmoughtonow@delicious.com,Male,3.51.28.231
898,Prince,Bolstridge,pbolstridgeox@nhs.uk,Male,15.239.67.171
899,Eberhard,Pohlke,epohlkeoy@state.tx.us,Male,99.57.244.108
900,Oran,Stebbin,ostebbinoz@51.la,Male,49.135.207.24
901,Petr,Ellison,pellisonp0@wikimedia.org,Bigender,114.179.125.145
902,Patricio,Zuppa,pzuppap1@nasa.gov,Male,205.20.199.229
903,Blaine,Zanelli,bzanellip2@soundcloud.com,Male,74.143.48.152
904,Francene,Lutas,flutasp3@flickr.com,Female,219.18.81.190
905,Guy,Lowbridge,glowbridgep4@hostgator.com,Male,68.253.216.188
906,Cristionna,Sheekey,csheekeyp5@theguardian.com,Female,61.81.167.207
907,Tiffy,Medlen,tmedlenp6@engadget.com,Female,165.14.16.93
908,Walsh,Pettis,wpettisp7@yahoo.com,Male,161.70.168.38
909,Shirlee,Senter,ssenterp8@wp.com,Female,190.155.248.88
910,Salomon,Sutherington,ssutheringtonp9@dagondesign.com,Male,26.64.158.88
911,Gabriell,Grenshields,ggrenshieldspa@yandex.ru,Female,64.48.51.162
912,Ramsey,Scrancher,rscrancherpb@indiatimes.com,Male,28.24.111.94
913,Michaella,Guerre,mguerrepc@cyberchimps.com,Female,191.234.153.204
914,Godfree,Signoret,gsignoretpd@usa.gov,Male,15.134.123.188
915,Damian,Golthorpp,dgolthorpppe@fotki.com,Male,79.215.179.211
916,Gregory,McIlory,gmcilorypf@theatlantic.com,Male,196.94.43.141
917,Tommi,Van Eeden,tvaneedenpg@usnews.com,Female,63.66.174.189
918,Tab,Casbourne,tcasbourneph@epa.gov,Male,116.249.39.153
919,Martie,Longley,mlongleypi@geocities.jp,Male,171.51.98.71
920,Ulick,Coggles,ucogglespj@naver.com,Male,231.124.39.46
921,Stacee,Langley,slangleypk@auda.org.au,Female,44.72.24.95
922,Sammie,Harmant,sharmantpl@sphinn.com,Male,57.130.237.226
923,Avivah,Seaborne,aseabornepm@wufoo.com,Female,251.246.101.84
924,Andrus,Shelf,ashelfpn@acquirethisname.com,Male,92.224.211.79
925,Jackquelin,Duling,jdulingpo@census.gov,Female,189.49.18.95
926,Hobey,McIlvenny,hmcilvennypp@walmart.com,Male,158.222.107.41
927,Free,Pratley,fpratleypq@wired.com,Male,145.29.100.209
928,Saree,Beedie,sbeediepr@unblog.fr,Female,22.113.175.44
929,Hayden,Poytres,hpoytresps@unblog.fr,Male,250.15.237.5
930,Mariana,Stebbins,mstebbinspt@webeden.co.uk,Female,67.121.107.81
931,Clio,Benard,cbenardpu@seesaa.net,Female,106.109.131.25
932,Hakeem,Gilligan,hgilliganpv@joomla.org,Genderqueer,79.118.145.139
933,Reynard,Kleinhandler,rkleinhandlerpw@eepurl.com,Male,20.246.227.55
934,Nicolina,Wilson,nwilsonpx@taobao.com,Female,26.132.56.217
935,Clayborn,Yurkov,cyurkovpy@fotki.com,Male,153.188.42.105
936,Ursuline,De Gregoli,udegregolipz@digg.com,Female,0.149.188.203
937,Mariele,Sidney,msidneyq0@buzzfeed.com,Female,46.55.91.220
938,Basile,Ambroise,bambroiseq1@ocn.ne.jp,Male,221.108.9.153
939,Katherina,Brauner,kbraunerq2@ox.ac.uk,Female,117.163.158.109
940,Gil,Duckitt,gduckittq3@friendfeed.com,Bigender,109.170.225.188
941,Skippie,Andresser,sandresserq4@admin.ch,Male,170.236.183.11
942,Sashenka,Braden,sbradenq5@feedburner.com,Female,154.171.63.212
943,Boyd,Arrigucci,barrigucciq6@exblog.jp,Male,151.254.180.240
944,Harold,Tolcher,htolcherq7@skype.com,Male,135.233.146.104
945,Debera,Bernardelli,dbernardelliq8@springer.com,Female,54.216.233.36
946,Gardener,Shattock,gshattockq9@dot.gov,Male,146.68.166.116
947,Krissie,Beed,kbeedqa@engadget.com,Female,209.1.123.34
948,Shay,Astin,sastinqb@businesswire.com,Male,65.104.74.8
949,Denni,Clissell,dclissellqc@plala.or.jp,Agender,193.203.166.29
950,Cozmo,Berth,cberthqd@de.vu,Male,55.102.172.3
951,Valida,Bearns,vbearnsqe@house.gov,Agender,248.169.156.253
952,Adolphus,Eliasson,aeliassonqf@geocities.com,Male,138.201.144.40
953,Cora,Venart,cvenartqg@addthis.com,Female,180.189.236.121
954,Perla,Hazeldene,phazeldeneqh@woothemes.com,Female,101.231.232.15
955,Winthrop,Grinnikov,wgrinnikovqi@hibu.com,Male,158.117.156.191
956,Wake,Ewings,wewingsqj@forbes.com,Male,177.29.242.46
957,Stanford,Hanburry,shanburryqk@myspace.com,Male,227.235.93.49
958,Kirk,Dybald,kdybaldql@wiley.com,Polygender,167.198.102.18
959,Gabriele,McRory,gmcroryqm@about.com,Male,161.134.137.184
960,Eduardo,Sunderland,esunderlandqn@shutterfly.com,Male,171.65.102.78
961,Rosemary,Cosgreave,rcosgreaveqo@cbc.ca,Female,39.229.30.213
962,Simeon,Goomes,sgoomesqp@about.me,Male,46.64.45.78
963,Sibella,O'Sheerin,sosheerinqq@zdnet.com,Genderqueer,244.23.191.101
964,Clarine,Lorinez,clorinezqr@ucsd.edu,Female,102.235.177.80
965,Caz,Talby,ctalbyqs@ning.com,Male,140.32.66.173
966,Rickey,Petruska,rpetruskaqt@1und1.de,Male,187.188.95.176
967,Oswald,Madgett,omadgettqu@constantcontact.com,Male,37.143.25.205
968,Jasun,Shapland,jshaplandqv@yandex.ru,Male,225.249.72.124
969,Forester,Chue,fchueqw@columbia.edu,Male,60.78.10.211
970,Odille,Le Friec,olefriecqx@dailymotion.com,Female,242.132.128.70
971,Pansie,Arthan,parthanqy@businesswire.com,Female,114.59.76.192
972,Cozmo,Balme,cbalmeqz@dmoz.org,Male,105.123.237.254
973,Lidia,Malec,lmalecr0@redcross.org,Female,163.198.220.104
974,Alwyn,Tilliards,atilliardsr1@icq.com,Genderqueer,227.52.155.154
975,Chantal,Ouver,couverr2@usda.gov,Genderqueer,250.170.213.61
976,Theodora,Muddle,tmuddler3@angelfire.com,Female,56.251.60.174
977,Maxwell,Peyzer,mpeyzerr4@webnode.com,Male,130.183.48.222
978,Ron,Shoosmith,rshoosmithr5@amazonaws.com,Male,235.85.205.51
979,Freddy,Phinn,fphinnr6@weebly.com,Male,68.119.69.11
980,Palmer,MacQuist,pmacquistr7@hp.com,Male,230.141.173.84
981,Corly,Hanretty,chanrettyr8@yelp.com,Female,100.59.135.85
982,Gaylor,Kimpton,gkimptonr9@de.vu,Genderqueer,81.215.89.21
983,Deena,Frosdick,dfrosdickra@pen.io,Female,42.235.175.13
984,Dedra,Weigh,dweighrb@ocn.ne.jp,Female,76.99.139.159
985,Joyous,Fike,jfikerc@booking.com,Female,238.222.15.107
986,Merola,Giovannini,mgiovanninird@psu.edu,Female,118.194.218.154
987,Calhoun,Sandom,csandomre@fc2.com,Male,103.67.219.10
988,Tobiah,Frede,tfrederf@chicagotribune.com,Male,230.240.202.101
989,Waverley,Pimme,wpimmerg@businessweek.com,Male,137.206.165.19
990,Mylo,Brahms,mbrahmsrh@weather.com,Male,100.27.148.217
991,Cornelia,Stoite,cstoiteri@aol.com,Female,27.123.142.102
992,Yalonda,Longworthy,ylongworthyrj@toplist.cz,Female,9.205.199.23
993,James,Kettles,jkettlesrk@acquirethisname.com,Polygender,163.199.28.242
994,Dori,Couthard,dcouthardrl@youtube.com,Female,253.186.121.73
995,Yvon,Guice,yguicerm@pinterest.com,Male,110.110.233.87
996,Pearl,Von Welldun,pvonwelldunrn@yolasite.com,Female,121.246.145.27
997,Lucine,Fanner,lfannerro@thetimes.co.uk,Female,117.78.120.49
998,Sheilah,Petriello,spetriellorp@phpbb.com,Female,128.252.237.130
999,Rikki,Ilett,rilettrq@ed.gov,Female,222.77.151.76
1000,Rois,Kern,rkernrr@istockphoto.com,Female,203.247.113.141
